
<annotation>
    <folder>images</folder>
    <filename>fruit209.png</filename>
    <size>
        <width>600</width>
        <height>337</height>
        <depth>3</depth>
    </size>
    <segmented>0</segmented>
    <object>
        <name>banana</name>
        <pose>Unspecified</pose>
        <truncated>0</truncated>
        <occluded>0</occluded>
        <difficult>0</difficult>
        <bndbox>
            <xmin>297</xmin>
            <ymin>79</ymin>
            <xmax>413</xmax>
            <ymax>186</ymax>
        </bndbox>
    </object>
    <object>
        <name>snake fruit</name>
        <pose>Unspecified</pose>
        <truncated>0</truncated>
        <occluded>0</occluded>
        <difficult>0</difficult>
        <bndbox>
            <xmin>262</xmin>
            <ymin>228</ymin>
            <xmax>338</xmax>
            <ymax>278</ymax>
        </bndbox>
    </object>
    <object>
        <name>dragon fruit</name>
        <pose>Unspecified</pose>
        <truncated>0</truncated>
        <occluded>0</occluded>
        <difficult>0</difficult>
        <bndbox>
            <xmin>152</xmin>
            <ymin>54</ymin>
            <xmax>264</xmax>
            <ymax>166</ymax>
        </bndbox>
    </object>
</annotation>